Top queries,Clicks,Impressions,CTR,Position
steelcase gesture review,1,10,10%,50.9
steelcase leap plus,1,7,14.29%,35.43
desk chair for tall person,0,21,0%,79.33
best office chair for tall people,0,20,0%,71.35
average dimensions of person sitting,0,18,0%,59.72
best office chair for tall person,0,16,0%,70
office chairs for tall people,0,15,0%,78.2
aeron chair size c,0,14,0%,42.93
steelcase leap seat height range 15.5 20.5,0,13,0%,10.62
best office chair tall person,0,13,0%,67.15
chair size,0,13,0%,74.38
best office chairs for tall people,0,13,0%,75.15
steelcase knee brace review,0,12,0%,7.42
human resources equipment for tall people,0,12,0%,9.5
gesture vs aeron,0,10,0%,12.6
office chair for tall person,0,10,0%,80.7
steelcase gesture vs leap,0,9,0%,35.33
office chair dimensions,0,9,0%,85.67
steelcase gesture seat depth range inches,0,8,0%,5.75
steelcase gesture seat height range,0,8,0%,8.75
steelcase leap vs gesture,0,8,0%,42.5
steelcase gesture reviews,0,7,0%,44.57
chair dimensions,0,7,0%,52
steelcase knee pads review,0,6,0%,9.67
steelcase gesture for tall people,0,6,0%,12.83
correct lumbar support height,0,6,0%,27.33
office chair measurements,0,6,0%,94.67
aeron vs gesture,0,5,0%,9.6
aeron size c,0,5,0%,46
steelcase gesture chair review,0,5,0%,46
steelcase gesture erfahrungen,0,5,0%,46.8
office chair for tall people,0,5,0%,68
chair for tall person,0,5,0%,68.2
chair sizes,0,5,0%,79.2
steelcase gesture seat depth adjustment range inches,0,4,0%,5.5
steelcase gesture 360 armrests description,0,4,0%,7.75
herman miller aeron size c height range,0,4,0%,8.75
herman miller aeron tall,0,4,0%,16.25
leap vs gesture,0,4,0%,33.25
dimension chair,0,4,0%,38.75
steelcase gesture review independent,0,3,0%,8.67
steelcase gesture seat height,0,3,0%,9
steelcase gesture seat height range cm,0,3,0%,19.67
herman miller aeron tall person,0,3,0%,21.33
steelcase gesture dimensions,0,3,0%,23.67
steelcase gesture vs herman miller aeron,0,3,0%,31
steelcase gesture adjustment guide,0,3,0%,39.33
steelcase leap gesture,0,3,0%,42.33
steelcase gesture weight limit,0,3,0%,44.33
chair dimension,0,3,0%,46
dimensions for chairs,0,3,0%,63
office chairs tall people,0,3,0%,64
measurement of a chair,0,3,0%,74.33
average dimensions of a chair,0,3,0%,84.33
office chair dimension,0,3,0%,86.67
best office chair for tall men,0,3,0%,90
steelcase leap plus reviews,0,2,0%,6
steelcase leap seat height 15.5 20.5,0,2,0%,6.5
steelcase gesture seat depth,0,2,0%,7.5
steelcase gesture seat depth adjustment range,0,2,0%,7.5
steelcase leap plus big and tall,0,2,0%,9.5
steelcase standing desk review 2026,0,2,0%,10.5
venture capital equipment for tall people,0,2,0%,10.5
herman miller aeron vs steelcase gesture comparison,0,2,0%,11
steelcase leap plus weight capacity 500 lbs,0,2,0%,11
herman miller aeron size c seat depth,0,2,0%,12.5
aeron height range,0,2,0%,13
leap plus,0,2,0%,27
gesture vs leap,0,2,0%,32.5
steelcase leap or gesture,0,2,0%,33.5
steelcase leap vs herman miller aeron,0,2,0%,37
leap plus chair,0,2,0%,39
steelcase leap plus chair,0,2,0%,42
what size aeron should i get,0,2,0%,45.5
steelcase gesture office chair review,0,2,0%,46.5
steelcase gesture weight limit kg,0,2,0%,47.5
typical chair dimensions,0,2,0%,50
steelcase gesture controls,0,2,0%,50.5
what size aeron chair should i get,0,2,0%,56
dimensions of a chair,0,2,0%,58
dimensions for a chair,0,2,0%,58.5
best tall office chair,0,2,0%,64.5
dimensions of chair,0,2,0%,64.5
21 inch seat height chair,0,2,0%,66.5
tall person chair,0,2,0%,68.5
ergonomic chair for tall people,0,2,0%,70
office chair tall people,0,2,0%,70
best ergonomic office chair for tall person,0,2,0%,72
dimensions office chair,0,2,0%,76.5
best chairs for tall people,0,2,0%,78
how to adjust tilt on office chair,0,2,0%,82
best office chairs for tall man,0,2,0%,98
steelcase gesture recommended user height range,0,1,0%,5
steelcase gesture weight capacity official,0,1,0%,6
herman miller aeron size c for tall people,0,1,0%,7
steelcase leap seat height range official,0,1,0%,7
"best ergonomic office chairs 2025 herman miller aeron steelcase gesture 
review",0,1,0%,8
steelcase leap plus weight capacity official,0,1,0%,8
steelcase leap vs gesture comparison,0,1,0%,8
user research equipment for tall people,0,1,0%,8
herman miller aeron size c recommended height range,0,1,0%,10
herman miller chair for tall people,0,1,0%,10
steelcase leap chair seat height range 15.5 20.5,0,1,0%,10
steelcase leap plus weight limit,0,1,0%,10
steelcase leap v2 tall person,0,1,0%,10
office chair,0,1,0%,11
steelcase leap seat height range inches,0,1,0%,11
aeron chair tall,0,1,0%,12
aeron plus,0,1,0%,12
electronics equipment for tall people,0,1,0%,12
steelcase leap plus review,0,1,0%,12
steelcase vs arlo,0,1,0%,12
herman miller aeron height range,0,1,0%,15
steelcase leap tall,0,1,0%,18
steelcase gesture vs,0,1,0%,25
chair dims,0,1,0%,28
herman miller sayl tall person,0,1,0%,28
steelcase leap vs leap plus,0,1,0%,28
aeron c size,0,1,0%,29
aeron height,0,1,0%,29
herman miller aeron size c dimensions,0,1,0%,29
herman miller aeron vs steelcase gesture,0,1,0%,29
steelcase leap seat depth,0,1,0%,29
aeron chair dimensions,0,1,0%,32
herman miller aeron vs steelcase leap,0,1,0%,32
steelcase gesture chair vs herman miller aeron,0,1,0%,32
back height,0,1,0%,34
leap plus steelcase,0,1,0%,34
aeron vs steelcase,0,1,0%,35
tall people back problems,0,1,0%,35
aeron vs steelcase leap,0,1,0%,36
aeron vs leap,0,1,0%,37
chairs dimensions,0,1,0%,37
rolling chair size,0,1,0%,37
best ergonomic office chair for tall people,0,1,0%,38
steelcase leap chair plus,0,1,0%,39
steelcase leap plus office chair,0,1,0%,40
office chair height adjustment,0,1,0%,42
steelcase vs aeron,0,1,0%,43
increase height of office chair,0,1,0%,44
size c herman miller,0,1,0%,45
steelcase gesture or leap,0,1,0%,45
gesture steelcase review,0,1,0%,46
leap v2 vs aeron,0,1,0%,46
chair measurements,0,1,0%,49
high back chair dimensions,0,1,0%,49
best office chair for tall person with back pain,0,1,0%,50
herman miller aeron size c,0,1,0%,50
steelcase gesture weight capacity kg,0,1,0%,51
office chair tall person,0,1,0%,55
gesture by steelcase,0,1,0%,56
office chair for tall man,0,1,0%,56
aeron chair size c dimensions,0,1,0%,58
chair dimensions standard,0,1,0%,58
tall people chairs,0,1,0%,58
best tall office chairs,0,1,0%,61
standard chair dimensions in inches,0,1,0%,61
normal chair dimensions,0,1,0%,62
21 inch seat height armchair,0,1,0%,63
chair measurement standards,0,1,0%,63
office chair for tall men,0,1,0%,63
standard chair measurements,0,1,0%,63
regular chair dimensions,0,1,0%,64
size of chair,0,1,0%,65
standard dimension of chair,0,1,0%,66
standard size of a chair,0,1,0%,67
ergonomic office chairs for tall people,0,1,0%,68
tall person desk chair,0,1,0%,68
office chair for tall,0,1,0%,69
best ergonomic office chairs for tall people,0,1,0%,70
how to adjust my office chair,0,1,0%,70
regular chair size,0,1,0%,70
chairs for tall people,0,1,0%,72
ergonomic chair tall person,0,1,0%,72
size of a chair,0,1,0%,72
chair measurement,0,1,0%,73
office chairs for tall,0,1,0%,74
standard chair size,0,1,0%,74
office chairs with seat depth adjustment,0,1,0%,76
best office chair for people over 6 feet,0,1,0%,77
aeron chair sizes how to tell,0,1,0%,78
dimensions of office chair,0,1,0%,78
good office chair for tall person,0,1,0%,78
best desk chair for tall person,0,1,0%,81
best ergonomic chair for tall person,0,1,0%,81
office chair width,0,1,0%,82
standard office chair width,0,1,0%,82
aeron sizing,0,1,0%,83
office chair with seat depth adjustment,0,1,0%,83
top rated big and tall office chairs,0,1,0%,83
ergonomic chairs for tall people,0,1,0%,84
study chair measurements,0,1,0%,86
how many centimeters is a chair,0,1,0%,87
how wide is the average chair,0,1,0%,89
office chair for leg pain,0,1,0%,89
dimentions of a chair,0,1,0%,90
how wide should a chair be,0,1,0%,94
chair standard size in feet,0,1,0%,96
how big is a chair,0,1,0%,100