URL,Status,Title,Meta Description,Canonical,H1,Word Count,Crawl Depth
https://tallchairadvisor.com/,200,Expert Chair Reviews for Tall People | Tall Chair Advisor,"Independent expert guidance on ergonomic office chairs for people 6 feet and taller. Reviews, fit guides, and pain solutions.",https://tallchairadvisor.com/,Expert Chair Guidance for Tall People,1104,0
https://tallchairadvisor.com/about/,200,About Jackson Christopher | Tall Chair Advisor,"Independent ergonomic chair guidance for tall people, built by Jackson Christopher after years of back pain from chairs that didn't fit his 6'4 frame.",https://tallchairadvisor.com/about/,About Tall Chair Advisor,1557,1
https://tallchairadvisor.com/aeron-vs-gesture/,200,Aeron vs Gesture for Tall People | Tall Chair Advisor,"Aeron Size C vs Steelcase Gesture: seat depth, breathability, armrests, and which chair fits tall users over 6'2 better. Spec table and height guide included.",https://tallchairadvisor.com/aeron-vs-gesture/,Herman Miller Aeron Size C vs Steelcase Gesture,2306,1
https://tallchairadvisor.com/aeron-vs-leap-plus/,200,Aeron vs Leap Plus for Tall People | Tall Chair Advisor,"Aeron Size C vs Steelcase Leap Plus for tall users. Fixed vs adjustable seat depth, mesh vs foam, lumbar support, and which handles users over 6'3 better.",https://tallchairadvisor.com/aeron-vs-leap-plus/,Aeron Size C vs Steelcase Leap Plus,1859,1
https://tallchairadvisor.com/affiliate-disclosure/,200,Affiliate Disclosure | Tall Chair Advisor,"Tall Chair Advisor affiliate disclosure — how our links work, what commissions we receive, and why they never influence our chair evaluations.",https://tallchairadvisor.com/affiliate-disclosure/,Affiliate Disclosure,397,1
https://tallchairadvisor.com/author/jackson-christopher/,200,"Jackson Christopher — Founder, Tall Chair Advisor","Jackson Christopher, 6'4 ME student at UC Berkeley, tests ergonomic chairs for tall users. Founder of Tall Chair Advisor. 6+ years, 15+ chairs tested.",https://tallchairadvisor.com/author/jackson-christopher/,Jackson Christopher,787,2
https://tallchairadvisor.com/back-pain-spine-height/,200,Office Chair Back Pain for Tall People | Tall Chair Advisor,Why office chairs cause back pain in tall people and how lumbar height misalignment affects your spine — with specific chair fixes by height range.,https://tallchairadvisor.com/back-pain-spine-height/,Back Pain from Office Chairs for Tall People,1488,1
https://tallchairadvisor.com/best-office-chairs/,200,Best Office Chairs for Tall People 2026 | Tall Chair Advisor,"The three ergonomic chairs that reliably fit users 6 ft and taller — with exact seat heights, seat depths, back heights, and who each chair suits by height.",https://tallchairadvisor.com/best-office-chairs/,Best Office Chairs for Tall People,2246,1
https://tallchairadvisor.com/cdn-cgi/l/email-protection,404,Email Protection | Cloudflare,,,Email Protection,119,2
https://tallchairadvisor.com/chairs/herman-miller-aeron/,200,Aeron Size C for Tall People | Tall Chair Advisor,"Herman Miller Aeron Size C for tall users — seat height range, fixed seat depth, fit for 6'0-6'4, and comparison to the Gesture and Leap Plus.",https://tallchairadvisor.com/chairs/herman-miller-aeron/,Herman Miller Aeron Size C,927,2
https://tallchairadvisor.com/chairs/herman-miller-aeron/seat-height/,200,Aeron Seat Height for Tall People | Tall Chair Advisor,"Herman Miller Aeron Size C seat height is 16-20.5 in. Recommended settings for 6'0-6'5, how to adjust, and how it compares to the Gesture and Leap Plus.",https://tallchairadvisor.com/chairs/herman-miller-aeron/seat-height/,Herman Miller Aeron Size C Seat Height Range,1170,2
https://tallchairadvisor.com/chairs/herman-miller-aeron/tall-people/,200,Aeron Size C: Tall People Fit Guide | Tall Chair Advisor,"Aeron Size C fit analysis for tall users 6'0-6'6. Fixed seat depth trade-off explained, height-by-height breakdown, and who should choose Gesture or Leap Plus.",https://tallchairadvisor.com/chairs/herman-miller-aeron/tall-people/,Is the Herman Miller Aeron Size C Good for Tall People?,1908,3
https://tallchairadvisor.com/chairs/steelcase-gesture/,200,Steelcase Gesture for Tall People | Tall Chair Advisor,"Everything about the Steelcase Gesture for tall users — seat height range, seat depth adjustment, fit for 6'0""–6'4"", and how it compares to the Aeron and Leap Plus.",https://tallchairadvisor.com/chairs/steelcase-gesture/,Steelcase Gesture,885,2
https://tallchairadvisor.com/chairs/steelcase-gesture/seat-depth/,200,Gesture Seat Depth for Tall People | Tall Chair Advisor,Steelcase Gesture seat depth adjusts from 15.75 to 18.75 in. Whether it's enough for tall users and comparison to the Aeron and Leap Plus.,https://tallchairadvisor.com/chairs/steelcase-gesture/seat-depth/,Steelcase Gesture Seat Depth,938,2
https://tallchairadvisor.com/chairs/steelcase-gesture/seat-height/,200,Gesture Seat Height for Tall People | Tall Chair Advisor,"Steelcase Gesture seat height is 16-21 in. Recommended settings for 6'0-6'5, how to adjust, and comparison to the Aeron and Leap Plus.",https://tallchairadvisor.com/chairs/steelcase-gesture/seat-height/,Steelcase Gesture Seat Height Range,1019,2
https://tallchairadvisor.com/chairs/steelcase-gesture/tall-people/,200,Gesture Fit Guide for Tall People | Tall Chair Advisor,"Steelcase Gesture fit for tall users 6'0-6'7. Seat height, seat depth, and back height assessed by height range, with a clear verdict on who it fits best.",https://tallchairadvisor.com/chairs/steelcase-gesture/tall-people/,Is the Steelcase Gesture Good for Tall People?,1377,3
https://tallchairadvisor.com/chairs/steelcase-gesture/weight-limit/,200,Steelcase Gesture Weight Limit: 400 lbs | Tall Chair Advisor,Steelcase Gesture weight limit is 400 lbs (BIFMA tested). What that means for tall and heavier users and how it compares to the Leap Plus at 500 lbs.,https://tallchairadvisor.com/chairs/steelcase-gesture/weight-limit/,Steelcase Gesture Weight Limit,1241,2
https://tallchairadvisor.com/chairs/steelcase-leap-plus/,200,Steelcase Leap Plus for Tall People | Tall Chair Advisor,"Steelcase Leap Plus for tall users — 22.5-in seat height, adjustable seat depth, 500-lb capacity, and comparison to the Aeron and Gesture.",https://tallchairadvisor.com/chairs/steelcase-leap-plus/,Steelcase Leap Plus,909,2
https://tallchairadvisor.com/chairs/steelcase-leap-plus/seat-height/,200,Leap Plus Seat Height for Tall People | Tall Chair Advisor,Steelcase Leap Plus seat height is 15.5-22.5 in — the highest of any mainstream chair. Recommended settings for 6'0-6'7 and comparison to Gesture and Aeron.,https://tallchairadvisor.com/chairs/steelcase-leap-plus/seat-height/,Steelcase Leap Plus Seat Height Range,1286,2
https://tallchairadvisor.com/chairs/steelcase-leap-plus/tall-people/,200,Leap Plus Fit Guide for Tall People | Tall Chair Advisor,"Steelcase Leap Plus fit analysis for tall users 6'0-6'7+. 22.5-in seat height, 4-in adjustable seat depth, height-by-height breakdown, and who it fits best.",https://tallchairadvisor.com/chairs/steelcase-leap-plus/tall-people/,Is the Steelcase Leap Plus Good for Tall People?,1920,2
https://tallchairadvisor.com/contact/,200,Contact | Tall Chair Advisor,Get in touch with Tall Chair Advisor. We read every message and typically respond within 48 hours.,https://tallchairadvisor.com/contact/,Contact Us,331,1
https://tallchairadvisor.com/correct-chair-dimensions/,200,Chair Dimensions for Tall People | Tall Chair Advisor,"Correct office chair dimensions for tall users: seat depth, height, back height, and armrest ranges by body height, plus how to measure your own requirements.",https://tallchairadvisor.com/correct-chair-dimensions/,Correct Chair Dimensions for Tall & Large Bodies,1763,1
https://tallchairadvisor.com/fit-guides/,200,Office Chair Fit Guides for Tall People | Tall Chair Advisor,"Fit and adjustment guides for tall people choosing and setting up ergonomic office chairs. Seat depth, back height, and lumbar targeting by height.",https://tallchairadvisor.com/fit-guides/,Fit & Adjustment Guides for Tall People,1410,1
https://tallchairadvisor.com/gesture-vs-leap-plus/,200,Gesture vs Leap Plus for Tall People | Tall Chair Advisor,"Steelcase Gesture vs Leap Plus compared for tall users: seat depth, back height, armrests, and which chair fits at 6'0"", 6'3"", and 6'5""+.",https://tallchairadvisor.com/gesture-vs-leap-plus/,Steelcase Gesture vs Leap Plus,1752,1
https://tallchairadvisor.com/how-to-adjust-chair/,200,How to Adjust a Chair for Tall People | Tall Chair Advisor,"Step-by-step guide to adjusting an office chair for tall users — seat height, lumbar position, armrests, and tilt tension in the right sequence.",https://tallchairadvisor.com/how-to-adjust-chair/,How to Adjust an Office Chair for a Tall Person,1416,1
https://tallchairadvisor.com/knee-pain-seat-depth/,200,Knee Pain from Office Chair Seat Depth | Tall Chair Advisor,"How seat depth causes knee pain in tall people, what the correct seat depth is for your leg length, and which chairs offer enough adjustment.",https://tallchairadvisor.com/knee-pain-seat-depth/,Knee Pain from Office Chair Seat Depth (Tall People Guide),1068,1
https://tallchairadvisor.com/leg-pain-circulation/,200,Leg Pain & Circulation in Office Chairs | Tall Chair Advisor,"Why tall people get leg numbness and circulation problems in office chairs, and how seat height and edge design affect blood flow and comfort.",https://tallchairadvisor.com/leg-pain-circulation/,Leg Pain & Poor Circulation from Office Chairs (Tall People),1020,1
https://tallchairadvisor.com/office-chairs-for-tall-people/,200,Office Chairs for Tall People 2026 | Tall Chair Advisor,"Expert buyer's guide to office chairs for tall people: measurement frameworks, height-specific recommendations, chair comparisons, and a decision framework for evaluating fit.",https://tallchairadvisor.com/office-chairs-for-tall-people/,Office Chairs for Tall People,2386,1
https://tallchairadvisor.com/pain-ergonomics/,200,Office Chair Pain for Tall People | Tall Chair Advisor,"How poor chair ergonomics causes pain in tall people and which specific chair dimensions address back, knee, and leg pain for users 6'0"" and taller.",https://tallchairadvisor.com/pain-ergonomics/,Chair Pain for Tall People: Causes & Fixes,969,1
https://tallchairadvisor.com/privacy-policy/,200,Privacy Policy | Tall Chair Advisor,"Tall Chair Advisor privacy policy — how we collect, use, and protect your information.",https://tallchairadvisor.com/privacy-policy/,Privacy Policy,414,1
https://tallchairadvisor.com/review/aeron-size-c/,200,Aeron Size C Review for Tall People | Tall Chair Advisor,"In-depth Herman Miller Aeron Size C review for users 6'0""–6'6"". Seat depth, height range, PostureFit SL lumbar assessment, and who should skip it.",https://tallchairadvisor.com/review/aeron-size-c/,Herman Miller Aeron Size C Review,1043,1
https://tallchairadvisor.com/review/gesture/,200,Steelcase Gesture Review (Independent) | Tall Chair Advisor,"Independent Steelcase Gesture review tested by a 6'4 user. Seat depth, back height, and armrest fit analysis for tall people 6'0 to 6'4.",https://tallchairadvisor.com/review/gesture/,Steelcase Gesture Review,1443,1
https://tallchairadvisor.com/review/leap-plus/,200,Leap Plus Review for Tall People | Tall Chair Advisor,"Steelcase Leap Plus review for tall people. Adjustable seat depth (4"" range), 500 lb capacity, and how it compares for users above 6'2"".",https://tallchairadvisor.com/review/leap-plus/,Steelcase Leap Plus Review,1823,1
https://tallchairadvisor.com/why-standard-chairs-dont-fit/,200,Standard Chairs Don't Fit Tall People | Tall Chair Advisor,"Why standard office chairs fail users 6 ft and taller — seat depth, back height, armrest reach, headrest design, and how multiple failures compound each other.",https://tallchairadvisor.com/why-standard-chairs-dont-fit/,Why Standard Office Chairs Don't Fit Tall People,1758,1
