Top pages,Clicks,Impressions,CTR,Position
https://tallchairadvisor.com/,2,15,13.33%,2.73
https://tallchairadvisor.com/review/gesture,1,256,0.39%,10.39
https://tallchairadvisor.com/aeron-vs-gesture,1,111,0.9%,8.24
https://tallchairadvisor.com/correct-chair-dimensions/,0,70,0%,48.51
https://tallchairadvisor.com/office-chairs-for-tall-people/,0,65,0%,22.71
https://tallchairadvisor.com/review/gesture/,0,49,0%,15.92
https://tallchairadvisor.com/chairs/steelcase-gesture/seat-depth/,0,39,0%,10.18
https://tallchairadvisor.com/chairs/steelcase-gesture/tall-people/,0,27,0%,10.04
https://tallchairadvisor.com/chairs/steelcase-gesture/seat-height/,0,25,0%,13.96
https://tallchairadvisor.com/aeron-vs-leap-plus/,0,23,0%,15.83
https://tallchairadvisor.com/chairs/steelcase-gesture/,0,21,0%,15.14
https://tallchairadvisor.com/gesture-vs-leap-plus/,0,20,0%,16.55
https://tallchairadvisor.com/best-office-chairs/,0,19,0%,17
https://tallchairadvisor.com/how-to-adjust-chair/,0,19,0%,42.37
https://tallchairadvisor.com/office-chairs-for-tall-people,0,17,0%,40.29
https://tallchairadvisor.com/review/leap-plus/,0,13,0%,14.08
https://tallchairadvisor.com/back-pain-spine-height/,0,10,0%,8.7
https://tallchairadvisor.com/pain-ergonomics,0,7,0%,6.29
https://tallchairadvisor.com/back-pain-spine-height,0,7,0%,13.29
https://tallchairadvisor.com/fit-guides/,0,4,0%,5.5
https://tallchairadvisor.com/aeron-vs-gesture/,0,2,0%,8.5
https://tallchairadvisor.com/why-standard-chairs-dont-fit,0,2,0%,11
https://tallchairadvisor.com/privacy-policy,0,1,0%,4
https://tallchairadvisor.com/assets/aeron-vs-gesture-comparison-CIx3LXqZ.jpg,0,1,0%,26